-- Sample seed data for the schema in db/schema-from-entities.sql
-- Run this after the schema file on a fresh database.

BEGIN;

INSERT INTO roles (id, name) VALUES
  ('11111111-1111-1111-1111-111111111111', 'Engineer'),
  ('22222222-2222-2222-2222-222222222222', 'QA'),
  ('33333333-3333-3333-3333-333333333333', 'Manager');

INSERT INTO role_permissions (id, permission_key, role_id) VALUES
  ('11111111-aaaa-aaaa-aaaa-111111111111', 'project:read', '11111111-1111-1111-1111-111111111111'),
  ('11111111-bbbb-bbbb-bbbb-111111111111', 'sprint:read', '11111111-1111-1111-1111-111111111111'),
  ('11111111-cccc-cccc-cccc-111111111111', 'rating:read', '11111111-1111-1111-1111-111111111111'),
  ('22222222-aaaa-aaaa-aaaa-222222222222', 'project:read', '22222222-2222-2222-2222-222222222222'),
  ('22222222-bbbb-bbbb-bbbb-222222222222', 'sprint:read', '22222222-2222-2222-2222-222222222222'),
  ('22222222-cccc-cccc-cccc-222222222222', 'question:read', '22222222-2222-2222-2222-222222222222'),
  ('33333333-aaaa-aaaa-aaaa-333333333333', 'project:create', '33333333-3333-3333-3333-333333333333'),
  ('33333333-bbbb-bbbb-bbbb-333333333333', 'sprint:create', '33333333-3333-3333-3333-333333333333'),
  ('33333333-cccc-cccc-cccc-333333333333', 'rating:request', '33333333-3333-3333-3333-333333333333');

INSERT INTO users (id, email, name, is_active, role_id) VALUES
  ('aaaaaaaa-1111-1111-1111-111111111111', 'alice@example.com', 'Alice Johnson', true, '11111111-1111-1111-1111-111111111111'),
  ('bbbbbbbb-2222-2222-2222-222222222222', 'bob@example.com', 'Bob Smith', true, '11111111-1111-1111-1111-111111111111'),
  ('cccccccc-3333-3333-3333-333333333333', 'carol@example.com', 'Carol Davis', true, '22222222-2222-2222-2222-222222222222'),
  ('dddddddd-4444-4444-4444-444444444444', 'dan@example.com', 'Dan Miller', true, '33333333-3333-3333-3333-333333333333');

INSERT INTO projects (id, name, status) VALUES
  ('10000000-0000-0000-0000-000000000001', 'Apollo Revamp', 'ACTIVE'),
  ('10000000-0000-0000-0000-000000000002', 'Phoenix QA', 'PLANNED'),
  ('10000000-0000-0000-0000-000000000003', 'Orion Dashboard', 'ACTIVE'),
  ('10000000-0000-0000-0000-000000000004', 'Atlas Platform', 'ON_HOLD');

INSERT INTO project_members (id, project_id, user_id) VALUES
  ('20000000-0000-0000-0000-000000000001', '10000000-0000-0000-0000-000000000001', 'aaaaaaaa-1111-1111-1111-111111111111'),
  ('20000000-0000-0000-0000-000000000002', '10000000-0000-0000-0000-000000000001', 'dddddddd-4444-4444-4444-444444444444'),
  ('20000000-0000-0000-0000-000000000003', '10000000-0000-0000-0000-000000000002', 'bbbbbbbb-2222-2222-2222-222222222222'),
  ('20000000-0000-0000-0000-000000000004', '10000000-0000-0000-0000-000000000002', 'cccccccc-3333-3333-3333-333333333333'),
  ('20000000-0000-0000-0000-000000000005', '10000000-0000-0000-0000-000000000003', 'aaaaaaaa-1111-1111-1111-111111111111'),
  ('20000000-0000-0000-0000-000000000006', '10000000-0000-0000-0000-000000000004', 'dddddddd-4444-4444-4444-444444444444');

INSERT INTO sprints (id, name, start_date, end_date, project_id) VALUES
  ('30000000-0000-0000-0000-000000000001', 'Sprint 1', '2026-03-01', '2026-03-15', '10000000-0000-0000-0000-000000000001'),
  ('30000000-0000-0000-0000-000000000002', 'Sprint 2', '2026-03-16', '2026-03-31', '10000000-0000-0000-0000-000000000001'),
  ('30000000-0000-0000-0000-000000000003', 'QA Sprint A', '2026-04-01', '2026-04-14', '10000000-0000-0000-0000-000000000002'),
  ('30000000-0000-0000-0000-000000000004', 'Dashboard Sprint', '2026-04-05', '2026-04-20', '10000000-0000-0000-0000-000000000003');

INSERT INTO sprint_members (id, sprint_id, user_id) VALUES
  ('40000000-0000-0000-0000-000000000001', '30000000-0000-0000-0000-000000000001', 'aaaaaaaa-1111-1111-1111-111111111111'),
  ('40000000-0000-0000-0000-000000000002', '30000000-0000-0000-0000-000000000001', 'bbbbbbbb-2222-2222-2222-222222222222'),
  ('40000000-0000-0000-0000-000000000003', '30000000-0000-0000-0000-000000000002', 'aaaaaaaa-1111-1111-1111-111111111111'),
  ('40000000-0000-0000-0000-000000000004', '30000000-0000-0000-0000-000000000002', 'dddddddd-4444-4444-4444-444444444444'),
  ('40000000-0000-0000-0000-000000000005', '30000000-0000-0000-0000-000000000003', 'cccccccc-3333-3333-3333-333333333333'),
  ('40000000-0000-0000-0000-000000000006', '30000000-0000-0000-0000-000000000004', 'bbbbbbbb-2222-2222-2222-222222222222');

INSERT INTO questions (id, text, role_id, is_active) VALUES
  ('50000000-0000-0000-0000-000000000001', 'How well does the engineer deliver committed work?', '11111111-1111-1111-1111-111111111111', true),
  ('50000000-0000-0000-0000-000000000002', 'How proactive is the engineer in communication?', '11111111-1111-1111-1111-111111111111', true),
  ('50000000-0000-0000-0000-000000000003', 'How effective is the QA process coverage?', '22222222-2222-2222-2222-222222222222', true),
  ('50000000-0000-0000-0000-000000000004', 'How clearly does QA report defects?', '22222222-2222-2222-2222-222222222222', true),
  ('50000000-0000-0000-0000-000000000005', 'How well does the manager remove blockers?', '33333333-3333-3333-3333-333333333333', true),
  ('50000000-0000-0000-0000-000000000006', 'How clearly does the manager align priorities?', '33333333-3333-3333-3333-333333333333', true);

INSERT INTO email_logs (id, to_email, type, status, error, created_at) VALUES
  ('60000000-0000-0000-0000-000000000001', 'alice@example.com', 'INVITE', 'SENT', NULL, '2026-03-10 09:00:00+00'),
  ('60000000-0000-0000-0000-000000000002', 'bob@example.com', 'INVITE', 'SENT', NULL, '2026-03-10 09:05:00+00'),
  ('60000000-0000-0000-0000-000000000003', 'carol@example.com', 'REMINDER', 'FAILED', 'SMTP timeout', '2026-03-11 10:15:00+00'),
  ('60000000-0000-0000-0000-000000000004', 'dan@example.com', 'INVITE', 'SENT', NULL, '2026-03-11 11:30:00+00');

INSERT INTO secure_tokens (id, token, user_id, type, expires_at, is_used, created_at, used_at) VALUES
  ('70000000-0000-0000-0000-000000000001', 'token-alice-001', 'aaaaaaaa-1111-1111-1111-111111111111', 'MAGIC_LINK', '2026-04-01 12:00:00+00', false, '2026-03-30 08:00:00+00', NULL),
  ('70000000-0000-0000-0000-000000000002', 'token-bob-001', 'bbbbbbbb-2222-2222-2222-222222222222', 'MAGIC_LINK', '2026-04-01 12:00:00+00', true, '2026-03-30 08:10:00+00', '2026-03-30 09:00:00+00'),
  ('70000000-0000-0000-0000-000000000003', 'token-carol-001', 'cccccccc-3333-3333-3333-333333333333', 'MAGIC_LINK', '2026-04-02 12:00:00+00', false, '2026-03-30 08:20:00+00', NULL),
  ('70000000-0000-0000-0000-000000000004', 'token-dan-001', 'dddddddd-4444-4444-4444-444444444444', 'MAGIC_LINK', '2026-04-02 12:00:00+00', false, '2026-03-30 08:30:00+00', NULL);

INSERT INTO rating_requests (id, sprint_id, rated_user_id, email_id, created_at) VALUES
  ('80000000-0000-0000-0000-000000000001', '30000000-0000-0000-0000-000000000001', 'aaaaaaaa-1111-1111-1111-111111111111', '60000000-0000-0000-0000-000000000001', '2026-03-10 09:00:00+00'),
  ('80000000-0000-0000-0000-000000000002', '30000000-0000-0000-0000-000000000001', 'bbbbbbbb-2222-2222-2222-222222222222', '60000000-0000-0000-0000-000000000002', '2026-03-10 09:05:00+00'),
  ('80000000-0000-0000-0000-000000000003', '30000000-0000-0000-0000-000000000003', 'cccccccc-3333-3333-3333-333333333333', '60000000-0000-0000-0000-000000000003', '2026-03-11 10:15:00+00'),
  ('80000000-0000-0000-0000-000000000004', '30000000-0000-0000-0000-000000000004', 'dddddddd-4444-4444-4444-444444444444', '60000000-0000-0000-0000-000000000004', '2026-03-11 11:30:00+00');

INSERT INTO ratings (id, sprint_id, rater_id, rated_user_id, average_score, created_at) VALUES
  ('90000000-0000-0000-0000-000000000001', '30000000-0000-0000-0000-000000000001', 'bbbbbbbb-2222-2222-2222-222222222222', 'aaaaaaaa-1111-1111-1111-111111111111', 4.50, '2026-03-12 09:30:00+00'),
  ('90000000-0000-0000-0000-000000000002', '30000000-0000-0000-0000-000000000002', 'dddddddd-4444-4444-4444-444444444444', 'aaaaaaaa-1111-1111-1111-111111111111', 4.20, '2026-03-28 16:00:00+00'),
  ('90000000-0000-0000-0000-000000000003', '30000000-0000-0000-0000-000000000003', 'dddddddd-4444-4444-4444-444444444444', 'cccccccc-3333-3333-3333-333333333333', 3.80, '2026-04-12 14:00:00+00'),
  ('90000000-0000-0000-0000-000000000004', '30000000-0000-0000-0000-000000000004', 'aaaaaaaa-1111-1111-1111-111111111111', 'bbbbbbbb-2222-2222-2222-222222222222', 4.10, '2026-04-18 12:00:00+00');

INSERT INTO rating_answers (id, rating_id, question_id, score) VALUES
  ('91000000-0000-0000-0000-000000000001', '90000000-0000-0000-0000-000000000001', '50000000-0000-0000-0000-000000000001', 5),
  ('91000000-0000-0000-0000-000000000002', '90000000-0000-0000-0000-000000000001', '50000000-0000-0000-0000-000000000002', 4),
  ('91000000-0000-0000-0000-000000000003', '90000000-0000-0000-0000-000000000002', '50000000-0000-0000-0000-000000000001', 4),
  ('91000000-0000-0000-0000-000000000004', '90000000-0000-0000-0000-000000000002', '50000000-0000-0000-0000-000000000002', 4),
  ('91000000-0000-0000-0000-000000000005', '90000000-0000-0000-0000-000000000003', '50000000-0000-0000-0000-000000000003', 4),
  ('91000000-0000-0000-0000-000000000006', '90000000-0000-0000-0000-000000000003', '50000000-0000-0000-0000-000000000004', 3),
  ('91000000-0000-0000-0000-000000000007', '90000000-0000-0000-0000-000000000004', '50000000-0000-0000-0000-000000000001', 4),
  ('91000000-0000-0000-0000-000000000008', '90000000-0000-0000-0000-000000000004', '50000000-0000-0000-0000-000000000002', 4);

INSERT INTO aggregated_ratings (id, sprint_id, user_id, average_score) VALUES
  ('92000000-0000-0000-0000-000000000001', '30000000-0000-0000-0000-000000000001', 'aaaaaaaa-1111-1111-1111-111111111111', 4.50),
  ('92000000-0000-0000-0000-000000000002', '30000000-0000-0000-0000-000000000002', 'aaaaaaaa-1111-1111-1111-111111111111', 4.20),
  ('92000000-0000-0000-0000-000000000003', '30000000-0000-0000-0000-000000000003', 'cccccccc-3333-3333-3333-333333333333', 3.80),
  ('92000000-0000-0000-0000-000000000004', '30000000-0000-0000-0000-000000000004', 'bbbbbbbb-2222-2222-2222-222222222222', 4.10);

INSERT INTO overall_ratings (id, user_id, average_score) VALUES
  ('93000000-0000-0000-0000-000000000001', 'aaaaaaaa-1111-1111-1111-111111111111', 4.35),
  ('93000000-0000-0000-0000-000000000002', 'bbbbbbbb-2222-2222-2222-222222222222', 4.10),
  ('93000000-0000-0000-0000-000000000003', 'cccccccc-3333-3333-3333-333333333333', 3.80),
  ('93000000-0000-0000-0000-000000000004', 'dddddddd-4444-4444-4444-444444444444', 4.00);

INSERT INTO audit_logs (id, action, actor_id, metadata, created_at) VALUES
  ('94000000-0000-0000-0000-000000000001', 'CREATE_PROJECT', 'dddddddd-4444-4444-4444-444444444444', '{"projectId":"10000000-0000-0000-0000-000000000001"}', '2026-03-01 08:00:00+00'),
  ('94000000-0000-0000-0000-000000000002', 'CREATE_SPRINT', 'dddddddd-4444-4444-4444-444444444444', '{"sprintId":"30000000-0000-0000-0000-000000000001"}', '2026-03-01 09:00:00+00'),
  ('94000000-0000-0000-0000-000000000003', 'SUBMIT_RATING', 'bbbbbbbb-2222-2222-2222-222222222222', '{"ratingId":"90000000-0000-0000-0000-000000000001"}', '2026-03-12 09:30:00+00'),
  ('94000000-0000-0000-0000-000000000004', 'SUBMIT_RATING', 'dddddddd-4444-4444-4444-444444444444', '{"ratingId":"90000000-0000-0000-0000-000000000003"}', '2026-04-12 14:00:00+00');

COMMIT;
